noise,gradcam_alignment,ig_alignment
0.0,0.03786217,0.14720184
0.01,0.014913824,0.11994684
0.05,0.0,0.0
