file,gradcam_alignment,gradcam_peak_distance,ig_alignment,ig_peak_distance
train_damage_ellipse_xy_110_285_ab_58_12_th_180,0.0007435987,145.02332967582203,0.26725152,22.13951511581918
train_damage_ellipse_xy_175_320_ab_60_9_th_136,0.0,199.69529098228247,0.0,199.69529098228247
train_damage_ellipse_xy_178_404_ab_84_13_th_83,0.032482408,195.18850101467316,0.26521054,30.84003364866324
train_damage_ellipse_xy_255_418_ab_50_13_th_178,0.026811667,205.68842551808896,0.20292108,33.404912389119666
train_damage_ellipse_xy_266_309_ab_84_10_th_175,0.066315465,147.38308475426427,0.13662224,25.70337941159539
train_damage_ellipse_xy_275_181_ab_75_14_th_46,0.12993024,80.77976665095775,0.17129783,90.49657571286397
